Louse	Hippoboscid	Bird host common name	Bird host scientific name	Bird host	Locality	Specific locality (State/Town)	Reference	Secondary Reference	ReferenceId
Columbicola columbae	Pseudolynchia canariensis	Rock pigeon 	Columba livia	Rock pigeon (Columba livia)	India	Ambala	Adie (1915)		line:xlsx:hash://md5/e315af50025009fd3c2bf192ded23f5f!/Sheet1!/L271
Philopterus sp.	Ornithoica sp.	Bank myna 	Acridotheres ginginianus	Bank myna (Acridotheres ginginianus)	India	Punjab	Ansari (1947)		line:xlsx:hash://md5/e315af50025009fd3c2bf192ded23f5f!/Sheet1!/L273
Columbicola columbae	Pseudolynchia canariensis	Rock pigeon 	Columba livia	Rock pigeon (Columba livia)	India 	Punjab	Ansari (1947)		line:xlsx:hash://md5/e315af50025009fd3c2bf192ded23f5f!/Sheet1!/L273
Guimaraesiella marginata	Ornithomya avicularia	Great spotted woodpecker 	Dendrocopos major	Great spotted woodpecker (Dendrocopos major)	UK	?	Ash (1952)		line:xlsx:hash://md5/e315af50025009fd3c2bf192ded23f5f!/Sheet1!/L275
Guimaraesiella marginata	Ornithomya avicularia	Blackbird 	Turdus merula	Blackbird (Turdus merula)	UK	?	Ash (1952)		line:xlsx:hash://md5/e315af50025009fd3c2bf192ded23f5f!/Sheet1!/L275
Turdinirmus merulensis	Ornithomya avicularia	Blackbird 	Turdus merula	Blackbird (Turdus merula)	UK	?	Ash (1952)		line:xlsx:hash://md5/e315af50025009fd3c2bf192ded23f5f!/Sheet1!/L275
NIL	Ornithomya avicularia	Eurasian magpie 	Pica pica	Eurasian magpie (Pica pica)	France	NIL	Aube (1857)	Clay & Meinertzhagen (1943)	line:xlsx:hash://md5/e315af50025009fd3c2bf192ded23f5f!/Sheet1!/L277
Hecatrishula varia	Ornithomya avicularia	Rook	Corvus frugilegus	Rook (Corvus frugilegus)	UK	St Albans, Hertfordshire	Baker & Blackie (1963)		line:xlsx:hash://md5/e315af50025009fd3c2bf192ded23f5f!/Sheet1!/L279
Hecatrishula varia	Ornithomya avicularia	Eurasian jackdaw	Corvus monedula spermologus	Eurasian jackdaw (Corvus monedula spermologus)	UK	St Albans, Hertfordshire	Baker & Blackie (1963)		line:xlsx:hash://md5/e315af50025009fd3c2bf192ded23f5f!/Sheet1!/L279
Brueelia sp.	Ornithomya fringillina*	Gray jay 	Perisoreus canadensis	Gray jay (Perisoreus canadensis)	Canada	Quebec, Anticosti Island, Ellis Bay	Banks (1920)	Thompson (1937)	line:xlsx:hash://md5/e315af50025009fd3c2bf192ded23f5f!/Sheet1!/L281
Guimaraesiella amsel	Ornithomya avicularia	Blackbird 	Turdus merula	Blackbird (Turdus merula)	Germany	Frankfurt	Baum (1968)		line:xlsx:hash://md5/e315af50025009fd3c2bf192ded23f5f!/Sheet1!/L283
NIL	Ornithomya fringillina*	NIL	Canada	NIL	Canada	Algonquin Park, Ontario	Bennett (1961)		line:xlsx:hash://md5/e315af50025009fd3c2bf192ded23f5f!/Sheet1!/L285
NIL	Ornithoica vicina	Curl-crested jay 	Cyanocorax cristatellus	Curl-crested jay (Cyanocorax cristatellus)	Brazil	Nova Teutonia, Santa Catharina	Bequaert (1943)		line:xlsx:hash://md5/e315af50025009fd3c2bf192ded23f5f!/Sheet1!/L287
NIL	Ornithoica vicina	Red-ruffed fruitcrow 	Pyroderus scutatus	Red-ruffed fruitcrow (Pyroderus scutatus)	Brazil	Nova Teutonia	Bequaert (1943)		line:xlsx:hash://md5/e315af50025009fd3c2bf192ded23f5f!/Sheet1!/L287
NIL	Ornithoica vicina	Thrush 	Turdus sp.	Thrush (Turdus sp.)	Ecuador	Abitagua	Bequaert (1943)		line:xlsx:hash://md5/e315af50025009fd3c2bf192ded23f5f!/Sheet1!/L287
Paragoniocotes sp.	Ornithoctona erythrocephala	Red-billed parrot 	Pionus sordidus saturatus	Red-billed parrot (Pionus sordidus saturatus)	Colombia	Cincinnati, Sa. Marta	Bequaert (1953)		line:xlsx:hash://md5/e315af50025009fd3c2bf192ded23f5f!/Sheet1!/L289
NIL	Ornithoctona erythrocephala	Ruddy quail-dove 	Geotrygon montana	Ruddy quail-dove (Geotrygon montana)	Cuba	NIL	Bequaert (1953)		line:xlsx:hash://md5/e315af50025009fd3c2bf192ded23f5f!/Sheet1!/L289
NIL	Stilbometopa ramphastonis	Toucan 	Ramphastos sp.	Toucan (Ramphastos sp.)	Guatemala	Sto. Tomas, Izabal	Bequaert (1953)		line:xlsx:hash://md5/e315af50025009fd3c2bf192ded23f5f!/Sheet1!/L289
NIL	Ornithoctona erythrocephala	Andean motmot	Momotus aequatorialis chlorolaemus	Andean motmot(Momotus aequatorialis chlorolaemus)	Peru	Huacapistana, Rio Tarma	Bequaert (1953)		line:xlsx:hash://md5/e315af50025009fd3c2bf192ded23f5f!/Sheet1!/L289
NIL	Ornithomya parva	Tristan thrush 	Turdus eremita	Tristan thrush (Turdus eremita)	Tristan da Cunha	Inaccessible island	Bequaert (1953)		line:xlsx:hash://md5/e315af50025009fd3c2bf192ded23f5f!/Sheet1!/L289
NIL	Ornithoica vicina	American robin 	Turdus migratorius	American robin (Turdus migratorius)	USA	Demarest, New Jersey	Bequaert (1953)		line:xlsx:hash://md5/e315af50025009fd3c2bf192ded23f5f!/Sheet1!/L289
NIL	Ornithoica vicina	Blue jay 	Cyanocitta cristata	Blue jay (Cyanocitta cristata)	USA	Demarest, New Jersey	Bequaert (1953)		line:xlsx:hash://md5/e315af50025009fd3c2bf192ded23f5f!/Sheet1!/L289
NIL	Ornithomya fringillina*	Wood thrush 	Hylocichla mustelina	Wood thrush (Hylocichla mustelina)	USA	Forest Hill Borough, Pennsylvania	Bequaert (1953)		line:xlsx:hash://md5/e315af50025009fd3c2bf192ded23f5f!/Sheet1!/L289
Brueelia sp.	Ornithomya fringillina*	Golden-crowned sparrow 	Zonotrichia coronata	Golden-crowned sparrow (Zonotrichia coronata)	USA	Woodacre, Marin county, California	Bequaert (1953)		line:xlsx:hash://md5/e315af50025009fd3c2bf192ded23f5f!/Sheet1!/L289
NIL	Ornithomya fringillina*	Hairy woodpecker 	Leuconotopicus villosus	Hairy woodpecker (Leuconotopicus villosus)	USA	Barre, Vermont	Bequaert (1953)		line:xlsx:hash://md5/e315af50025009fd3c2bf192ded23f5f!/Sheet1!/L289
Brueelia sp.	Ornithomya fringillina*	Song sparrow 	Melospiza melodia	Song sparrow (Melospiza melodia)	USA	Martha's Vineyard, Massachusetts	Bequaert (1953)		line:xlsx:hash://md5/e315af50025009fd3c2bf192ded23f5f!/Sheet1!/L289
NIL	Ornithomya fringillina*	American robin 	Turdus migratorius	American robin (Turdus migratorius)	USA	Demarest, New Jersey	Bequaert (1953)		line:xlsx:hash://md5/e315af50025009fd3c2bf192ded23f5f!/Sheet1!/L289
NIL	Ornithomya fringillina*	Wood thrush 	Hylocichla mustelina	Wood thrush (Hylocichla mustelina)	USA	Demarest, New Jersey	Bequaert (1953)		line:xlsx:hash://md5/e315af50025009fd3c2bf192ded23f5f!/Sheet1!/L289
NIL	Ornithomya fringillina*	American robin 	Turdus migratorius	American robin (Turdus migratorius)	USA	Demarest, New Jersey	Bequaert (1953)		line:xlsx:hash://md5/e315af50025009fd3c2bf192ded23f5f!/Sheet1!/L289
NIL	Ornithomya fringillina*	American robin 	Turdus migratorius	American robin (Turdus migratorius)	USA	Demarest, New Jersey	Bequaert (1953)		line:xlsx:hash://md5/e315af50025009fd3c2bf192ded23f5f!/Sheet1!/L289
NIL	Ornithomya fringillina*	Song sparrow 	Melospiza melodia	Song sparrow (Melospiza melodia)	USA	Demarest, New Jersey	Bequaert (1953)		line:xlsx:hash://md5/e315af50025009fd3c2bf192ded23f5f!/Sheet1!/L289
NIL	Ornithomya fringillina*	American robin 	Turdus migratorius	American robin (Turdus migratorius)	USA	Demarest, New Jersey	Bequaert (1953)		line:xlsx:hash://md5/e315af50025009fd3c2bf192ded23f5f!/Sheet1!/L289
NIL	Ornithomya fringillina*	Song sparrow 	Melospiza melodia	Song sparrow (Melospiza melodia)	USA	Demarest, New Jersey	Bequaert (1953)		line:xlsx:hash://md5/e315af50025009fd3c2bf192ded23f5f!/Sheet1!/L289
NIL	Ornithomya fringillina*	Brown thrasher 	Toxostoma rufumi	Brown thrasher (Toxostoma rufumi)	USA	Demarest, New Jersey	Bequaert (1953)		line:xlsx:hash://md5/e315af50025009fd3c2bf192ded23f5f!/Sheet1!/L289
NIL	Ornithomya fringillina*	Blue jay 	Cyanocitta cristata	Blue jay (Cyanocitta cristata)	USA	Demarest, New Jersey	Bequaert (1953)		line:xlsx:hash://md5/e315af50025009fd3c2bf192ded23f5f!/Sheet1!/L289
NIL	Ornithomya fringillina*	Blue jay 	Cyanocitta cristata	Blue jay (Cyanocitta cristata)	USA	Demarest, New Jersey	Bequaert (1953)		line:xlsx:hash://md5/e315af50025009fd3c2bf192ded23f5f!/Sheet1!/L289
NIL	Ornithomya fringillina*	Veery 	Catharus fuscescens	Veery (Catharus fuscescens)	USA	Demarest, New Jersey	Bequaert (1953)		line:xlsx:hash://md5/e315af50025009fd3c2bf192ded23f5f!/Sheet1!/L289
NIL	Ornithomya fringillina*	Grey catbird 	Dumetella carolinensis	Grey catbird (Dumetella carolinensis)	USA	Demarest, New Jersey	Bequaert (1953)		line:xlsx:hash://md5/e315af50025009fd3c2bf192ded23f5f!/Sheet1!/L289
NIL	Ornithomya fringillina*	American robin 	Turdus migratorius	American robin (Turdus migratorius)	USA	Demarest, New Jersey	Bequaert (1953)		line:xlsx:hash://md5/e315af50025009fd3c2bf192ded23f5f!/Sheet1!/L289
NIL	Ornithomya fringillina*	Baltimore oriole 	Icterus galbula	Baltimore oriole (Icterus galbula)	USA	Demarest, New Jersey	Bequaert (1953)		line:xlsx:hash://md5/e315af50025009fd3c2bf192ded23f5f!/Sheet1!/L289
NIL	Ornithomya fringillina*	Northern hermit thrush 	Catharus guttatus faxoni	Northern hermit thrush (Catharus guttatus faxoni)	USA	Mt Desert Island, Maine	Bequaert (1953)		line:xlsx:hash://md5/e315af50025009fd3c2bf192ded23f5f!/Sheet1!/L289
Brueelia sp.	Ornithomya fringillina*	Turkey vulture 	Cathartes aura aura	Turkey vulture (Cathartes aura aura)	USA	Euchre Mountain, Lincoln county, Oregon	Bequaert (1953)		line:xlsx:hash://md5/e315af50025009fd3c2bf192ded23f5f!/Sheet1!/L289
NIL	Ornithomya fringillina*	Golden-crowned sparrow 	Zonotrichia coronata	Golden-crowned sparrow (Zonotrichia coronata)	USA	Berkeley, California	Bequaert (1953)		line:xlsx:hash://md5/e315af50025009fd3c2bf192ded23f5f!/Sheet1!/L289
NIL	Ornithomya fringillina*	Canyon towhee 	Melozone fusca	Canyon towhee (Melozone fusca)	USA	Berkeley, California	Bequaert (1953)		line:xlsx:hash://md5/e315af50025009fd3c2bf192ded23f5f!/Sheet1!/L289
NIL	Ornithomya fringillina*	Song sparrow 	Melospiza melodia	Song sparrow (Melospiza melodia)	USA	Lake of Two Rivers, Algonquin Park, Ontario	Bequaert (1953)		line:xlsx:hash://md5/e315af50025009fd3c2bf192ded23f5f!/Sheet1!/L289
NIL	Ornithomya fringillina*	Grey catbird 	Dumetella carolinensis	Grey catbird (Dumetella carolinensis)	USA	Demarest, New Jersey	Bequaert (1953)	Davies (1958)	line:xlsx:hash://md5/e315af50025009fd3c2bf192ded23f5f!/Sheet1!/L289
NIL	Icosta angustifrons	Cinereous harrier 	Circus cinereus	Cinereous harrier (Circus cinereus)	Brazil	State Santa Catharina	Bequaert (1957)		line:xlsx:hash://md5/e315af50025009fd3c2bf192ded23f5f!/Sheet1!/L291
Strigiphilus crenulatus	Ornithomya chloropus	Northern hawk-owl 	Surnia ulula	Northern hawk-owl (Surnia ulula)	Russia	Kola Peninsula	Blagoveshtchenski (1950)		line:xlsx:hash://md5/e315af50025009fd3c2bf192ded23f5f!/Sheet1!/L293
Corvonirmus unicosus	Ornithomya avicularia	Carrion crow 	Corvus cornix sharpii	Carrion crow (Corvus cornix sharpii)	Russia	Ussuriisky	Blagoveshtchenski (1950)		line:xlsx:hash://md5/e315af50025009fd3c2bf192ded23f5f!/Sheet1!/L293
Brueelia-complex sp.	Ornithomya avicularia	NIL	Russia	NIL	Russia	Ussuriysk	Blagoveshtchenski (1950)		line:xlsx:hash://md5/e315af50025009fd3c2bf192ded23f5f!/Sheet1!/L293
Brueelia-complex sp.	Ornithomya chloropus	NIL	Russia	NIL	Russia	Kulumys Ridge,Senno slopes of Sayan Mountains, Ermakovsky District, Krasnoyarsk Territory, Siberia	Blagoveshtchenski (1950)		line:xlsx:hash://md5/e315af50025009fd3c2bf192ded23f5f!/Sheet1!/L293
Guimaraesiella marginata	Ornithomya chloropus	Fieldfare 	Turdus pilaris	Fieldfare (Turdus pilaris)	Russia	Zapadvaya	Blagoveshtchenski (1950)		line:xlsx:hash://md5/e315af50025009fd3c2bf192ded23f5f!/Sheet1!/L293
Olivinirmus glandarii	Ornithomya avicularia	Eurasian jay 	Garrulus glandarius	Eurasian jay (Garrulus glandarius)	Finland	Vuohiniemi	Buttiker (1949)		line:xlsx:hash://md5/e315af50025009fd3c2bf192ded23f5f!/Sheet1!/L297
Turdinirmus merulensis	Ornithomya avicularia	Blackbird 	Turdus merula	Blackbird (Turdus merula)	Switzerland	Wauwilermoos	Buttiker & Cerny (1974)		line:xlsx:hash://md5/e315af50025009fd3c2bf192ded23f5f!/Sheet1!/L299
Brueelia sp.	Ornithomya avicularia	European greenfinch 	Chloris chloris	European greenfinch (Chloris chloris)	Switzerland	Ibach	Buttiker & Cerny (1974)		line:xlsx:hash://md5/e315af50025009fd3c2bf192ded23f5f!/Sheet1!/L299
Olivinirmus glandarii	Ornithomya avicularia	Eurasian jay 	Garrulus glandarius rufitergum	Eurasian jay (Garrulus glandarius rufitergum)	France	Richelieu, Indre-et-Loire	Callot (1946)		line:xlsx:hash://md5/e315af50025009fd3c2bf192ded23f5f!/Sheet1!/L301
Turdinirmus merulensis	Ornithomya avicularia	Blackbird 	Turdus merula	Blackbird (Turdus merula)	UK	NIL	Clay (1949)		line:xlsx:hash://md5/e315af50025009fd3c2bf192ded23f5f!/Sheet1!/L305
Brueelia sp.	Ornithomya chloropus	European starling 	Sturnus vulgaris	European starling (Sturnus vulgaris)	Estonia	NIL	Clay & Meinertzhagen (1943)		line:xlsx:hash://md5/e315af50025009fd3c2bf192ded23f5f!/Sheet1!/L303
Guimaraesiella sp.	NIL	Black-crowned tchagra 	Tchagra senegala	Black-crowned tchagra (Tchagra senegala)	Morocco	NIL	Clay & Meinertzhagen (1943)		line:xlsx:hash://md5/e315af50025009fd3c2bf192ded23f5f!/Sheet1!/L303
Sturnidoecus sturni	Ornithomya chloropus	Shetland starling 	Sturnus vulgaris zetlandicus	Shetland starling (Sturnus vulgaris zetlandicus)	Scotland	Orkneys	Clay & Meinertzhagen (1943)		line:xlsx:hash://md5/e315af50025009fd3c2bf192ded23f5f!/Sheet1!/L303
Sturnidoecus sturni	Ornithomya chloropus	Shetland starling 	Sturnus vulgaris zetlandicus	Shetland starling (Sturnus vulgaris zetlandicus)	Scotland	Orkneys	Clay & Meinertzhagen (1943)		line:xlsx:hash://md5/e315af50025009fd3c2bf192ded23f5f!/Sheet1!/L303
Sturnidoecus sturni	Ornithomya chloropus	Shetland starling 	Sturnus vulgaris zetlandicus	Shetland starling (Sturnus vulgaris zetlandicus)	Scotland	Orkneys	Clay & Meinertzhagen (1943)		line:xlsx:hash://md5/e315af50025009fd3c2bf192ded23f5f!/Sheet1!/L303
Sturnidoecus sturni	Ornithomya chloropus	Shetland starling 	Sturnus vulgaris zetlandicus	Shetland starling (Sturnus vulgaris zetlandicus)	Scotland	Orkneys	Clay & Meinertzhagen (1943)		line:xlsx:hash://md5/e315af50025009fd3c2bf192ded23f5f!/Sheet1!/L303
Sturnidoecus sturni	Ornithomya chloropus	Shetland starling 	Sturnus vulgaris zetlandicus	Shetland starling (Sturnus vulgaris zetlandicus)	Scotland	Shetland	Clay & Meinertzhagen (1943)		line:xlsx:hash://md5/e315af50025009fd3c2bf192ded23f5f!/Sheet1!/L303
Olivinirmus glandarii	Ornithomya avicularia	Eurasian jay 	Garrulus glandarius rufitergum	Eurasian jay (Garrulus glandarius rufitergum)	UK	Berkshire	Clay & Meinertzhagen (1943)		line:xlsx:hash://md5/e315af50025009fd3c2bf192ded23f5f!/Sheet1!/L303
Philopterus sp.	Ornithomya fringillina*	American robin 	Turdus migratorius	American robin (Turdus migratorius)	USA	Massachusetts	Clay & Meinertzhagen (1943)		line:xlsx:hash://md5/e315af50025009fd3c2bf192ded23f5f!/Sheet1!/L303
Brueelia sp.	Ornithoica vicina	California scrub jay 	Aphelocoma californica	California scrub jay (Aphelocoma californica)	USA	California	Clay & Meinertzhagen (1943)		line:xlsx:hash://md5/e315af50025009fd3c2bf192ded23f5f!/Sheet1!/L303
Brueelia sp.	Ornithoica vicina	Spotted towhee 	Pipilo maculatus (megalonyx)	Spotted towhee (Pipilo maculatus (megalonyx))	USA	NIL	Clay & Meinertzhagen (1943)		line:xlsx:hash://md5/e315af50025009fd3c2bf192ded23f5f!/Sheet1!/L303
Sturnidoecus sturni	Ornithomya fringillina*	European starling 	Sturnus vulgaris	European starling (Sturnus vulgaris)	UK	Fair Isle, Shetland	Corbet (1956)		line:xlsx:hash://md5/e315af50025009fd3c2bf192ded23f5f!/Sheet1!/L307
Columbicola macrourae	Stilbometopa podopostyla	Mourning dove 	Zenaida macroura	Mourning dove (Zenaida macroura)	USA	Denton county, Texas	Couch (1962)		line:xlsx:hash://md5/e315af50025009fd3c2bf192ded23f5f!/Sheet1!/L309
Physconelloides zenaidurae	Microlynchia pusilla	Mourning dove 	Zenaida macroura	Mourning dove (Zenaida macroura)	USA	Denton county, Texas	Couch (1962)		line:xlsx:hash://md5/e315af50025009fd3c2bf192ded23f5f!/Sheet1!/L309
Columbicola columbae	Pseudolynchia canariensis	Rock pigeon 	Columba livia	Rock pigeon (Columba livia)	Brazil	Pelotas Municipality	da Cunha Amaral et al., (2013)		line:xlsx:hash://md5/e315af50025009fd3c2bf192ded23f5f!/Sheet1!/L311
Corvonirmus unicosus	Icosta ardeae	Carrion crow 	Corvus cornix sharpii	Carrion crow (Corvus cornix sharpii)	Russia	Astrakan Reserve	Dubinin (1947)		line:xlsx:hash://md5/e315af50025009fd3c2bf192ded23f5f!/Sheet1!/L315
Brueelia sp.	Ornithomya parva	Common diuca finch 	Diuca diuca	Common diuca finch (Diuca diuca)	Chile	Valparaiso	Reed (1932)	Bequaert (1953)	line:xlsx:hash://md5/e315af50025009fd3c2bf192ded23f5f!/Sheet1!/L377
Brueelia sp.	Ornithomya parva	NIL	Chile	NIL	Chile	Valparaiso	Reed (1932)	Bequaert (1953)	line:xlsx:hash://md5/e315af50025009fd3c2bf192ded23f5f!/Sheet1!/L377
Brueelia sp.	Ornithomya parva	NIL	Chile	NIL	Chile	Valparaiso	Reed (1932)	Bequaert (1953)	line:xlsx:hash://md5/e315af50025009fd3c2bf192ded23f5f!/Sheet1!/L377
Brueelia sp.	Ornithomya parva	NIL	Chile	NIL	Chile	Valparaiso	Reed (1932)	Bequaert (1953)	line:xlsx:hash://md5/e315af50025009fd3c2bf192ded23f5f!/Sheet1!/L377
Olivinirmus glandarii	?	?	?	?	?	?	Eichler (1939)	Bartlow et al. (2016)	line:xlsx:hash://md5/e315af50025009fd3c2bf192ded23f5f!/Sheet1!/L317
Sturnidoecus sturni	Crataerina pallida	Common swift 	Apus apus	Common swift (Apus apus)	Germany	Göttingen	Eichler (1939)		line:xlsx:hash://md5/e315af50025009fd3c2bf192ded23f5f!/Sheet1!/L317
Turdinirmus merulensis	Ornithomya avicularia	Common cuckoo 	Cuculus canorus	Common cuckoo (Cuculus canorus)	UK	Suffolk	Eichler (1939)	Clay & Meinertzhagen (1943)	line:xlsx:hash://md5/e315af50025009fd3c2bf192ded23f5f!/Sheet1!/L317
Sturnidoecus pastoris	Ornithophila metallica	Rosy starling 	Pastor roseus	Rosy starling (Pastor roseus)	India	Deccan	Eichler (1939)	Clay & Meinertzhagen (1943)	line:xlsx:hash://md5/e315af50025009fd3c2bf192ded23f5f!/Sheet1!/L317
Philopterus coarctatus	Ornithomya avicularia	Red-backed shrike 	Lanius collurio	Red-backed shrike (Lanius collurio)	?Germany (Only mentioned freshly shot)	NIL	Eichler (1946)		line:xlsx:hash://md5/e315af50025009fd3c2bf192ded23f5f!/Sheet1!/L319
Guimaraesiella interposita	Ornithomya fringillina*	Grey catbird 	Dumetella carolinensis	Grey catbird (Dumetella carolinensis)	USA	Gates Mills, Ohio	Ewing (1927)		line:xlsx:hash://md5/e315af50025009fd3c2bf192ded23f5f!/Sheet1!/L321
Guimaraesiella interposita	Ornithomya fringillina*	Song sparrow 	Melospiza melodia	Song sparrow (Melospiza melodia)	USA	Gates Mills, Ohio	Ewing (1927)		line:xlsx:hash://md5/e315af50025009fd3c2bf192ded23f5f!/Sheet1!/L321
Degeeriella mimosa (1)	Ornithomya avicularia	NIL	NIL	NIL	Finland	?	Forsius (1908)	Hathaway (1943)	line:xlsx:hash://md5/e315af50025009fd3c2bf192ded23f5f!/Sheet1!/L331
Corvonirmus unicosus	Ornithomya avicularia	Hooded crow 	Corvus cornix	Hooded crow (Corvus cornix)	Finland	Torhola, Lohja	Forsius (1912)		line:xlsx:hash://md5/e315af50025009fd3c2bf192ded23f5f!/Sheet1!/L323
Nirmus quadratulus (2)	Ornithomya avicularia	Black grouse 	Lyrurus tetrix	Black grouse (Lyrurus tetrix)	Finland	Suurniemi, Karislojo 	Forsius (1912)		line:xlsx:hash://md5/e315af50025009fd3c2bf192ded23f5f!/Sheet1!/L323
Trogoninirmus odontopleuron	Stilbometopa ramphastonis	Trogonurus aurantius=? Surucua trogon 	Trogon surrucura	Trogonurus aurantius=? Surucua trogon (Trogon surrucura)	Brazil	State of Espírito Santo	Guimaraes (1944)		line:xlsx:hash://md5/e315af50025009fd3c2bf192ded23f5f!/Sheet1!/L325
NIL	Ornithomya sp. (?avicularia)	NIL	NIL	NIL	Australia	Katoomba	Hardy (1964) 		line:xlsx:hash://md5/e315af50025009fd3c2bf192ded23f5f!/Sheet1!/L327
Guimaraesiella marginata	?	?	?	?	?	?	Harrison (1913)	Bartlow et al. (2016)	line:xlsx:hash://md5/e315af50025009fd3c2bf192ded23f5f!/Sheet1!/L329
Nirmus hecticus	Ornithomya sp.	Regent bowerbird 	Sericulus chrysocephalus	Regent bowerbird (Sericulus chrysocephalus)	Australia	Numbucca river, New South Wales	Harrison (1913)		line:xlsx:hash://md5/e315af50025009fd3c2bf192ded23f5f!/Sheet1!/L329
Brueelia-complex sp.	Ornithomya sp.	Grey currawong 	Strepera versicolor	Grey currawong (Strepera versicolor)	Australia	Georges Basin, New South Wales	Harrison (1913)	Thompson (1936)	line:xlsx:hash://md5/e315af50025009fd3c2bf192ded23f5f!/Sheet1!/L329
Columbicola columbae	Pseudolynchia canariensis	Rock pigeon 	Columba livia	Rock pigeon (Columba livia)	NIL	NIL	Hathaway (1943)		line:xlsx:hash://md5/e315af50025009fd3c2bf192ded23f5f!/Sheet1!/L331
Philopterus sp.	Ornithomya fringillina*	Brown-headed cowbird 	Molothrus ater	Brown-headed cowbird (Molothrus ater)	USA	Austin Ornithological Research Station, Cape Cod, Massachusetts	Herman (1937)		line:xlsx:hash://md5/e315af50025009fd3c2bf192ded23f5f!/Sheet1!/L333
Brueelia sp.	Pseudolynchia canariensis	NIL	NIL	NIL	India	Bombay	Hiregaudar & Khambata (1954)		line:xlsx:hash://md5/e315af50025009fd3c2bf192ded23f5f!/Sheet1!/L337
Hohorstiella giganteus	NIL	?Dove	?	?Dove	South Africa	Sterkfontein, Waterberg,Transvaal	Hopkins (1946)		line:xlsx:hash://md5/e315af50025009fd3c2bf192ded23f5f!/Sheet1!/L339
Columbicola columbae	Pseudolynchia canariensis	Rock pigeon 	Columba livia	Rock pigeon (Columba livia)	Peru	Lima	Iannacone (1992)		line:xlsx:hash://md5/e315af50025009fd3c2bf192ded23f5f!/Sheet1!/L341
NIL	Ornitoeca pusilla	Blue pitta 	Hydrornis cyaneus	Blue pitta (Hydrornis cyaneus)	Indonesia	Java, Present day Jakarta(Batavia)	Jacobson (1911)		line:xlsx:hash://md5/e315af50025009fd3c2bf192ded23f5f!/Sheet1!/L343
NIL 	Icosta pilosa	Canarian houbara 	Chlamydotis undulata fuertaventurae	Canarian houbara (Chlamydotis undulata fuertaventurae)	Spain	Canary Islands	Kehlmaier & Quaisser (2013)		line:xlsx:hash://md5/e315af50025009fd3c2bf192ded23f5f!/Sheet1!/L345
NIL	Ornithoica stipituri	Magnificent riflebird 	Lophorina magnifica alberti	Magnificent riflebird (Lophorina magnifica alberti)	Australia	Queensland	Maa (1966)		line:xlsx:hash://md5/e315af50025009fd3c2bf192ded23f5f!/Sheet1!/L347
NIL	Ornithoica bistativa	Grey-cheeked bulbul 	Alophoixus bres	Grey-cheeked bulbul (Alophoixus bres)	Borneo	NIL	Maa (1966)		line:xlsx:hash://md5/e315af50025009fd3c2bf192ded23f5f!/Sheet1!/L347
NIL	Ornithoica bistativa	Chestnut-capped laughingthrush 	Garrulax mitratus	Chestnut-capped laughingthrush (Garrulax mitratus)	Malaysia	Malaya	Maa (1966)		line:xlsx:hash://md5/e315af50025009fd3c2bf192ded23f5f!/Sheet1!/L347
NIL	Ornithoica exilis	Moluccan king parrot 	Alisterus amboinensis	Moluccan king parrot (Alisterus amboinensis)	Papua New Guinea	NW New Guinea	Maa (1966)		line:xlsx:hash://md5/e315af50025009fd3c2bf192ded23f5f!/Sheet1!/L347
NIL	Ornithoica exilis	Rufous-bellied kookaburra 	Dacelo gaudichaud	Rufous-bellied kookaburra (Dacelo gaudichaud)	Papua New Guinea	NE New Guinea	Maa (1966)		line:xlsx:hash://md5/e315af50025009fd3c2bf192ded23f5f!/Sheet1!/L347
NIL	Ornithoica stipituri	Kingfisher	Papua New Guinea	Kingfisher	Papua New Guinea	NE New Guinea	Maa (1966)		line:xlsx:hash://md5/e315af50025009fd3c2bf192ded23f5f!/Sheet1!/L347
NIL	Ornithoica exilis	Kingfisher	Papua New Guinea	Kingfisher	Papua New Guinea	NW New Guinea	Maa (1966)		line:xlsx:hash://md5/e315af50025009fd3c2bf192ded23f5f!/Sheet1!/L347
NIL	Ornithoica exilis	Kingfisher	Papua New Guinea	Kingfisher	Papua New Guinea	SE New Guinea	Maa (1966)		line:xlsx:hash://md5/e315af50025009fd3c2bf192ded23f5f!/Sheet1!/L347
NIL	Ornithoica stipituri	Bowerbird 	Family Ptilinorhynchidae	Bowerbird (Family Ptilinorhynchidae)	Papua New Guinea	SE New Guinea	Maa (1966)		line:xlsx:hash://md5/e315af50025009fd3c2bf192ded23f5f!/Sheet1!/L347
NIL	Ornithoica exilis	Torresian crow 	Corvus orru	Torresian crow (Corvus orru)	Papua New Guinea	NE New Guinea	Maa (1966)		line:xlsx:hash://md5/e315af50025009fd3c2bf192ded23f5f!/Sheet1!/L347
NIL	Ornithoica exilis	Hooded butcherbird 	Cracticus cassicus	Hooded butcherbird (Cracticus cassicus)	Papua New Guinea	NE New Guinea	Maa (1966)		line:xlsx:hash://md5/e315af50025009fd3c2bf192ded23f5f!/Sheet1!/L347
NIL	Ornithoica exilis	Crow 	Corvidae	Crow (Family Corvidae)	Papua New Guinea	NE New Guinea	Maa (1966)		line:xlsx:hash://md5/e315af50025009fd3c2bf192ded23f5f!/Sheet1!/L347
NIL	Ornithoica exilis	Yellow-faced myna 	Mino dumontii	Yellow-faced myna (Mino dumontii)	Papua New Guinea	SE New Guinea	Maa (1966)		line:xlsx:hash://md5/e315af50025009fd3c2bf192ded23f5f!/Sheet1!/L347
NIL	Ornithoica exilis	Brown oriole 	Oriolus szalayi	Brown oriole (Oriolus szalayi)	Papua New Guinea	NE New Guinea	Maa (1966)		line:xlsx:hash://md5/e315af50025009fd3c2bf192ded23f5f!/Sheet1!/L347
NIL	Ornithoica simplicis	Sclater's whistler 	Pachycephala soror	Sclater's whistler (Pachycephala soror)	Papua New Guinea	NW New guinea	Maa (1966)		line:xlsx:hash://md5/e315af50025009fd3c2bf192ded23f5f!/Sheet1!/L347
NIL	Ornithoica simplicis	Black-throated robin 	Poecilodryas albonotata	Black-throated robin (Poecilodryas albonotata)	Papua New Guinea	NW New guinea	Maa (1966)		line:xlsx:hash://md5/e315af50025009fd3c2bf192ded23f5f!/Sheet1!/L347
NIL	Ornithoica exilis	Greater coucal 	Centropus sinensis	Greater coucal (Centropus sinensis)	Philippines	NIL	Maa (1966)		line:xlsx:hash://md5/e315af50025009fd3c2bf192ded23f5f!/Sheet1!/L347
NIL	Ornithoica exilis	Spooted wood kingfisher 	Actenoides lindsayi	Spooted wood kingfisher (Actenoides lindsayi)	Philippines	NIL	Maa (1966)		line:xlsx:hash://md5/e315af50025009fd3c2bf192ded23f5f!/Sheet1!/L347
NIL	Ornithoica rabori	Copsychus sp. 	Copsychus minor 	Copsychus sp. (Recorded by Maa as Copsychus minor) 	Philippines	NIL	Maa (1966)		line:xlsx:hash://md5/e315af50025009fd3c2bf192ded23f5f!/Sheet1!/L347
NIL	Ornithoica exilis	Bar-bellied cuckooshrike 	Coracina striata	Bar-bellied cuckooshrike (Coracina striata)	Philippines	NIL	Maa (1966)		line:xlsx:hash://md5/e315af50025009fd3c2bf192ded23f5f!/Sheet1!/L347
NIL	Ornithoica exilis	Black-naped oriole 	Oriolus chinensis	Black-naped oriole (Oriolus chinensis)	Philippines	NIL	Maa (1966)		line:xlsx:hash://md5/e315af50025009fd3c2bf192ded23f5f!/Sheet1!/L347
NIL	Ornithoica tridens	Black-browed barbet 	Megalaima oorti	Black-browed barbet (Megalaima oorti)	Taiwan	NIL	Maa (1966)		line:xlsx:hash://md5/e315af50025009fd3c2bf192ded23f5f!/Sheet1!/L347
NIL	Ornithoica tridens	Grey treepie 	Dendrocitta formosae	Grey treepie (Dendrocitta formosae)	Taiwan	NIL	Maa (1966)		line:xlsx:hash://md5/e315af50025009fd3c2bf192ded23f5f!/Sheet1!/L347
NIL	Ornithoica tridens	White-eared sibia 	Heterophasia auricularis	White-eared sibia (Heterophasia auricularis)	Taiwan	NIL	Maa (1966)		line:xlsx:hash://md5/e315af50025009fd3c2bf192ded23f5f!/Sheet1!/L347
NIL	Ornithoica tridens	Brown-eared bulbul 	Hypsipetes amaurotis	Brown-eared bulbul (Hypsipetes amaurotis)	Taiwan	NIL	Maa (1966)		line:xlsx:hash://md5/e315af50025009fd3c2bf192ded23f5f!/Sheet1!/L347
NIL	Ornithoica tridens	Taiwan whistling thrush 	Myophonus insularis	Taiwan whistling thrush (Myophonus insularis)	Taiwan	NIL	Maa (1966)		line:xlsx:hash://md5/e315af50025009fd3c2bf192ded23f5f!/Sheet1!/L347
NIL	Ornithoica tridens	Taiwan blue magpie 	Urocissa caerulea	Taiwan blue magpie (Urocissa caerulea)	Taiwan	NIL	Maa (1966)		line:xlsx:hash://md5/e315af50025009fd3c2bf192ded23f5f!/Sheet1!/L347
NIL	Ornithoica bistativa	Blue pitta 	Hydrornis cyaneus	Blue pitta (Hydrornis cyaneus)	Thailand	NIL	Maa (1966)		line:xlsx:hash://md5/e315af50025009fd3c2bf192ded23f5f!/Sheet1!/L347
NIL	Icosta ardae ardae	Eurasian bittern 	Botaurus stellaris	Eurasian bittern (Botaurus stellaris)	Italy	NIL	Maa (1969a)		line:xlsx:hash://md5/e315af50025009fd3c2bf192ded23f5f!/Sheet1!/L349
NIL	Icosta sensilis	Yellow vented bulbul 	Pycnonotus goiavier	Yellow vented bulbul (Pycnonotus goiavier)	Malaysia	Malaya	Maa (1969a)		line:xlsx:hash://md5/e315af50025009fd3c2bf192ded23f5f!/Sheet1!/L349
NIL	Ornithophila metallica	Indian pitta 	Pitta brachyura	Indian pitta (Pitta brachyura)	Malaysia	Malaya	Maa (1969b)		line:xlsx:hash://md5/e315af50025009fd3c2bf192ded23f5f!/Sheet1!/L351
NIL	Ornithophila metallica	Yellow vented bulbul 	Pycnonotus goiavier	Yellow vented bulbul (Pycnonotus goiavier)	Malaysia	Malaya	Maa (1969b)		line:xlsx:hash://md5/e315af50025009fd3c2bf192ded23f5f!/Sheet1!/L351
NIL	Ornithophila metallica	Black-crowned tchagra 	Tschagra senegala	Black-crowned tchagra (Tschagra senegala)	Mozambique	NIL	Maa (1969b)		line:xlsx:hash://md5/e315af50025009fd3c2bf192ded23f5f!/Sheet1!/L351
NIL	Ornithophila metallica	Collared kingfisher 	Todiramphus chloris	Collared kingfisher (Todiramphus chloris)	New Hebrides	NIL	Maa (1969b)		line:xlsx:hash://md5/e315af50025009fd3c2bf192ded23f5f!/Sheet1!/L351
NIL	Ornithophila metallica	Puff-throated babbler 	Pellorneum ruficeps	Puff-throated babbler (Pellorneum ruficeps)	Pakistan	East Pakistan	Maa (1969b)		line:xlsx:hash://md5/e315af50025009fd3c2bf192ded23f5f!/Sheet1!/L351
NIL	Ornithomya avicularia avicularia	White-throated laughingthrush 	Garrulax albogularis whistleri	White-throated laughingthrush (Garrulax albogularis whistleri)	Pakistan        	Hazara District, Dungagali	Maa (1969c)		line:xlsx:hash://md5/e315af50025009fd3c2bf192ded23f5f!/Sheet1!/L353
NIL	Ornithoica exilis		Family Corvidae	(Family Corvidae)	Papua New Guinea	Biak Island, Mangrowawa	Maa (1969c)		line:xlsx:hash://md5/e315af50025009fd3c2bf192ded23f5f!/Sheet1!/L353
NIL	Ornithoica exilis	Hook-billed kingfisher 	Melidora macrorrhina	Hook-billed kingfisher (Melidora macrorrhina)	Papua New Guinea	Jumbora Plantation	Maa (1969c)		line:xlsx:hash://md5/e315af50025009fd3c2bf192ded23f5f!/Sheet1!/L353
NIL	Ornithomya fuscipennis	Yellow-faced myna 	Mino dumontii	Yellow-faced myna (Mino dumontii)	Papua New Guinea	Sepik District, Ambunti	Maa (1969c)		line:xlsx:hash://md5/e315af50025009fd3c2bf192ded23f5f!/Sheet1!/L353
NIL	Icosta chalcolampra	Papuan king parrot 	Alisterus chloropterus	Papuan king parrot (Alisterus chloropterus)	Papua New Guinea	NE New Guinea	Maa (1969a)		line:xlsx:hash://md5/e315af50025009fd3c2bf192ded23f5f!/Sheet1!/L353
NIL	Ornithophila metallica	Yellow-faced myna 	Mino dumontii	Yellow-faced myna (Mino dumontii)	Papua New Guinea	NE New Guinea	Maa (1969b)		line:xlsx:hash://md5/e315af50025009fd3c2bf192ded23f5f!/Sheet1!/L353
NIL	Ornithophila metallica	Drongo 	Family Dicruridae	Drongo (Family Dicruridae)	Papua New Guinea	SE New Guinea	Maa (1969b)		line:xlsx:hash://md5/e315af50025009fd3c2bf192ded23f5f!/Sheet1!/L353
NIL	Ornithophila metallica	Lesser bird-of-paradise 	Paradisaea minor	Lesser bird-of-paradise (Paradisaea minor)	Papua New Guinea	NW New Guinea	Maa (1969b)		line:xlsx:hash://md5/e315af50025009fd3c2bf192ded23f5f!/Sheet1!/L353
NIL	Ornithomya fuscipennis	Amethyst brown-dove	Phapitreron amethystinus	Amethyst brown-dove(Phapitreron amethystinus)	Philippines	Mindanao, Agusan Prov., Mt Hilong- Hilong	Maa (1969c)		line:xlsx:hash://md5/e315af50025009fd3c2bf192ded23f5f!/Sheet1!/L353
NIL	Ornithomya fuscipennis	Philippine trogon 	Harpactes ardens ardens	Philippine trogon (Harpactes ardens ardens)	Philippines	Mindanao, Agusan Prov., Mt Hilong- Hilong	Maa (1969c)		line:xlsx:hash://md5/e315af50025009fd3c2bf192ded23f5f!/Sheet1!/L353
NIL	Ornithomya fuscipennis	Philippine fairy-bluebird 	Irena cyanogaster hoogstraali	Philippine fairy-bluebird (Irena cyanogaster hoogstraali)	Philippines	Mindanao, Agusan Prov., Mt Hilong- Hilong	Maa (1969c)		line:xlsx:hash://md5/e315af50025009fd3c2bf192ded23f5f!/Sheet1!/L353
NIL	Ornithomya fuscipennis	Hombron's kingfisher 	Halcyon hombroni	Hombron's kingfisher (Halcyon hombroni)	Philippines	Mindanao, Cotabato Province, Mt Matutum	Maa (1969c)		line:xlsx:hash://md5/e315af50025009fd3c2bf192ded23f5f!/Sheet1!/L353
NIL	Ornithomya fuscipennis	Hombron's kingfisher 	Halcyon hombroni	Hombron's kingfisher (Halcyon hombroni)	Philippines	Mindanao, Davao Province, Mt Mayo	Maa (1969c)		line:xlsx:hash://md5/e315af50025009fd3c2bf192ded23f5f!/Sheet1!/L353
NIL	Ornithomya fuscipennis	Island thrush 	Turdus poliocephalus manlindangensis	Island thrush (Turdus poliocephalus manlindangensis)	Philippines	Mindanao, Zamboanga del Norte, Mt Malindang	Maa (1969c)		line:xlsx:hash://md5/e315af50025009fd3c2bf192ded23f5f!/Sheet1!/L353
NIL	Ornithoctona australaisiae	Cinnamon ibon 	Hypocryptadius cinnamomeus	Cinnamon ibon (Hypocryptadius cinnamomeus)	Philippines	Mindanao, Agusan Prov., Mt Hilong- Hilong	Maa (1969c)		line:xlsx:hash://md5/e315af50025009fd3c2bf192ded23f5f!/Sheet1!/L353
NIL	Ornithoctona australaisiae	Apo myna 	Basilornis miranda	Apo myna (Basilornis miranda)	Philippines	Mindanao, Bukidnon Prov., Mt Katanglad	Maa (1969c)		line:xlsx:hash://md5/e315af50025009fd3c2bf192ded23f5f!/Sheet1!/L353
NIL	Icosta sensilis	Yellow vented bulbul 	Pycnonotus goiavier	Yellow vented bulbul (Pycnonotus goiavier)	Philippines	NIL	Maa (1969a)		line:xlsx:hash://md5/e315af50025009fd3c2bf192ded23f5f!/Sheet1!/L349
NIL	Ornithophila metallica	Common hill myna 	Gracula religiosa	Common hill myna (Gracula religiosa)	Philippines	NIL	Maa (1969b)		line:xlsx:hash://md5/e315af50025009fd3c2bf192ded23f5f!/Sheet1!/L351
NIL	Icosta rufiventris	NIL	NIL	NIL	Suriname	NIL	Maa (1969a)		line:xlsx:hash://md5/e315af50025009fd3c2bf192ded23f5f!/Sheet1!/L349
NIL	Ornithomya fuscipennis	White's thrush 	Zoothera aurea	White's thrush (Zoothera aurea)	Taiwan	Kaohsiung hsien, Liukuei	Maa (1969c)		line:xlsx:hash://md5/e315af50025009fd3c2bf192ded23f5f!/Sheet1!/L353
NIL	Icosta trita	Black-browed barbet 	Megalaima oorti	Black-browed barbet (Megalaima oorti)	Taiwan	NIL	Maa (1969a)		line:xlsx:hash://md5/e315af50025009fd3c2bf192ded23f5f!/Sheet1!/L349
NIL	Icosta fenestella	Grey treepie 	Dendrocitta formosae	Grey treepie (Dendrocitta formosae)	Taiwan	NIL	Maa (1969a)		line:xlsx:hash://md5/e315af50025009fd3c2bf192ded23f5f!/Sheet1!/L349
NIL	Ornithophila metallica	Black bulbul 	Hypsipetes leucocephalus	Black bulbul (Hypsipetes leucocephalus)	Taiwan	NIL	Maa (1969b)		line:xlsx:hash://md5/e315af50025009fd3c2bf192ded23f5f!/Sheet1!/L351
NIL	Ornithophila metallica	Chinese hwamei 	Garrulax canorus	Chinese hwamei (Garrulax canorus)	Taiwan	NIL	Maa (1969b)		line:xlsx:hash://md5/e315af50025009fd3c2bf192ded23f5f!/Sheet1!/L351
NIL	Ornithophila metallica	White-eared sibia 	Heterophasia auricularis	White-eared sibia (Heterophasia auricularis)	Taiwan	NIL	Maa (1969b)		line:xlsx:hash://md5/e315af50025009fd3c2bf192ded23f5f!/Sheet1!/L351
NIL	Ornithophila metallica	Grey treepie 	Dendrocitta formosae	Grey treepie (Dendrocitta formosae)	Taiwan	NIL	Maa (1969b)		line:xlsx:hash://md5/e315af50025009fd3c2bf192ded23f5f!/Sheet1!/L351
NIL	Icosta fenestella	Blue pitta 	Hydrornis cyaneus	Blue pitta (Hydrornis cyaneus)	Thailand	NIL	Maa (1969a)		line:xlsx:hash://md5/e315af50025009fd3c2bf192ded23f5f!/Sheet1!/L349
NIL	Icosta fenestella	Ashy drongo 	Dicrurus leucophaeus	Ashy drongo (Dicrurus leucophaeus)	Thailand	NIL	Maa (1969a)		line:xlsx:hash://md5/e315af50025009fd3c2bf192ded23f5f!/Sheet1!/L349
NIL	Ornithophila metallica	Black-collared starling 	Sturnus nigricollis	Black-collared starling (Sturnus nigricollis)	Thailand	NIL	Maa (1969b)		line:xlsx:hash://md5/e315af50025009fd3c2bf192ded23f5f!/Sheet1!/L351
NIL	Ornithomya parva	Chilean flicker 	Colaptes pitius	Chilean flicker (Colaptes pitius)	Chile	Maquehue, Temuco	MacArthur (1948)	Bequaert (1953)	line:xlsx:hash://md5/e315af50025009fd3c2bf192ded23f5f!/Sheet1!/L355
NIL	Ornithomya fringillina*	American robin 	Turdus migratorius	American robin (Turdus migratorius)	USA	Demarest, New Jersey	MacArthur (1948)	Bequaert (1953)	line:xlsx:hash://md5/e315af50025009fd3c2bf192ded23f5f!/Sheet1!/L355
Columbicola columbae	Pseudolynchia canariensis	Rock pigeon 	Columba livia	Rock pigeon (Columba livia)	Italy	Pisa	Macchioni et al. (2005)		line:xlsx:hash://md5/e315af50025009fd3c2bf192ded23f5f!/Sheet1!/L357
Brueelia sp.	Ornithomya anchineuria*	Wood thrush 	Hylocichla mustelina	Wood thrush (Hylocichla mustelina)	USA	Massachusetts, Raynham	Main & Anderson (1970)		line:xlsx:hash://md5/e315af50025009fd3c2bf192ded23f5f!/Sheet1!/L359
NIL (?Brueelia sp.)	Ornithomya anchineuria*	Wood thrush 	Hylocichla mustelina	Wood thrush (Hylocichla mustelina)	USA	Massachusetts, Raynham	Main & Anderson (1970)		line:xlsx:hash://md5/e315af50025009fd3c2bf192ded23f5f!/Sheet1!/L359
Brueelia sp.	Ornithomya anchineuria*	NIL	NIL	NIL	USA	Massachusetts, West Bridgewater	Main & Anderson (1970)		line:xlsx:hash://md5/e315af50025009fd3c2bf192ded23f5f!/Sheet1!/L359
Brueelia sp.	Ornithomya anchineuria*	Chipping sparrow 	Spizella passerina	Chipping sparrow (Spizella passerina)	USA	Massachusetts, Middleboro	Main & Anderson (1970)		line:xlsx:hash://md5/e315af50025009fd3c2bf192ded23f5f!/Sheet1!/L359
NIL (?Brueelia sp.)	Ornithomya anchineuria*	American robin 	Turdus migratorius	American robin (Turdus migratorius)	USA	Massachusetts, Raynham	Main & Anderson (1970)		line:xlsx:hash://md5/e315af50025009fd3c2bf192ded23f5f!/Sheet1!/L359
Brueelia sp.	Ornithomya anchineuria*	American robin 	Turdus migratorius	American robin (Turdus migratorius)	USA	Massachusetts, Raynham	Main & Anderson (1970)		line:xlsx:hash://md5/e315af50025009fd3c2bf192ded23f5f!/Sheet1!/L359
Brueelia sp.	Ornithomya anchineuria*	Northern flicker 	Colaptes auratus	Northern flicker (Colaptes auratus)	USA	Massachusetts, Easton	Main & Anderson (1970)		line:xlsx:hash://md5/e315af50025009fd3c2bf192ded23f5f!/Sheet1!/L359
NIL (?Brueelia sp.)	Ornithomya anchineuria*	American robin 	Turdus migratorius	American robin (Turdus migratorius)	USA	Massachusetts, Raynham	Main & Anderson (1970)		line:xlsx:hash://md5/e315af50025009fd3c2bf192ded23f5f!/Sheet1!/L359
Brueelia sp.	Ornithomya anchineuria*	American robin 	Turdus migratorius	American robin (Turdus migratorius)	USA	Massachusetts, Manomet	Main & Anderson (1970)		line:xlsx:hash://md5/e315af50025009fd3c2bf192ded23f5f!/Sheet1!/L359
NIL (?Brueelia sp.)	Ornithomya anchineuria*	American robin 	Turdus migratorius	American robin (Turdus migratorius)	USA	Massachusetts, Raynham	Main & Anderson (1970)		line:xlsx:hash://md5/e315af50025009fd3c2bf192ded23f5f!/Sheet1!/L359
Brueelia sp.	Ornithomya anchineuria*	House wren 	Troglodytes aedon	House wren (Troglodytes aedon)	USA	Massachusetts, Manomet	Main & Anderson (1970)		line:xlsx:hash://md5/e315af50025009fd3c2bf192ded23f5f!/Sheet1!/L359
Brueelia sp.	Ornithomya anchineuria*	Northern flicker 	Colaptes auratus	Northern flicker (Colaptes auratus)	USA	Massachusetts, Easton	Main & Anderson (1970)		line:xlsx:hash://md5/e315af50025009fd3c2bf192ded23f5f!/Sheet1!/L359
NIL (?Brueelia sp.)	Ornithomya anchineuria*	American robin 	Turdus migratorius	American robin (Turdus migratorius)	USA	Massachusetts, Raynham	Main & Anderson (1970)		line:xlsx:hash://md5/e315af50025009fd3c2bf192ded23f5f!/Sheet1!/L359
NIL (?Brueelia sp.)	Ornithomya anchineuria*	American robin 	Turdus migratorius	American robin (Turdus migratorius)	USA	Massachusetts, Raynham	Main & Anderson (1970)		line:xlsx:hash://md5/e315af50025009fd3c2bf192ded23f5f!/Sheet1!/L359
Brueelia sp.	Ornithomya anchineuria*	NIL	NIL	NIL	USA	Massachusetts, Manomet	Main & Anderson (1970)		line:xlsx:hash://md5/e315af50025009fd3c2bf192ded23f5f!/Sheet1!/L359
Brueelia sp.	Ornithomya anchineuria*	Wood thrush 	Hylocichla mustelina	Wood thrush (Hylocichla mustelina)	USA	Massachusetts, Manomet	Main & Anderson (1970)		line:xlsx:hash://md5/e315af50025009fd3c2bf192ded23f5f!/Sheet1!/L359
Olivinirmus clayae	Ornithoica vicina	Blue jay 	Cyanocitta cristata	Blue jay (Cyanocitta cristata)	USA	Taunton	Main & Anderson (1970)		line:xlsx:hash://md5/e315af50025009fd3c2bf192ded23f5f!/Sheet1!/L359
Olivinirmus clayae	Ornithoica vicina	Blue jay 	Cyanocitta cristata	Blue jay (Cyanocitta cristata)	USA	Manomet	Main & Anderson (1970)		line:xlsx:hash://md5/e315af50025009fd3c2bf192ded23f5f!/Sheet1!/L359
Brueelia sp.	Ornithoica vicina	Common grackle 	Quiscalus quiscula	Common grackle (Quiscalus quiscula)	USA	Middleborough	Main & Anderson (1970)		line:xlsx:hash://md5/e315af50025009fd3c2bf192ded23f5f!/Sheet1!/L359
Olivinirmus clayae	Ornithoica vicina	Blue jay 	Cyanocitta cristata	Blue jay (Cyanocitta cristata)	USA	Manomet	Main & Anderson (1971)	Bartlow et al. (2016)	line:xlsx:hash://md5/e315af50025009fd3c2bf192ded23f5f!/Sheet1!/L361
Sturnidoecus sturni	Ornithomya chloropus	European starling 	Sturnus vulgaris	European starling (Sturnus vulgaris)	Russia	Olf Peterhof	Markov (1938)	Dubinin (1947)	line:xlsx:hash://md5/e315af50025009fd3c2bf192ded23f5f!/Sheet1!/L363
Columbicola columbae	Pseudolynchia canariensis	Rock pigeon 	Columba livia	Rock pigeon (Columba livia)	USA	Texas	Martin (1934)		line:xlsx:hash://md5/e315af50025009fd3c2bf192ded23f5f!/Sheet1!/L365
Corvonirmus rotundatus	Ornithomya fringillina*	NIL	NIL	NIL	Canada	Lake Athabasca, Saskatchewan	McAtee (1922)	Clay & Meinertzhagen (1943)	line:xlsx:hash://md5/e315af50025009fd3c2bf192ded23f5f!/Sheet1!/L303
Corvonirmus rotundatus	Ornithomya fringillina*	American crow 	Corvus brachyrhynchus hesperis	American crow (Corvus brachyrhynchus hesperis)	USA	Ontario, Oregon	McAtee (1922)	Clay & Meinertzhagen (1943)	line:xlsx:hash://md5/e315af50025009fd3c2bf192ded23f5f!/Sheet1!/L303
Sturnidoecus sturni	Ornithomya avicularia	European starling 	Sturnus vulgaris	European starling (Sturnus vulgaris)	Sweden	NIL	Mjoberg (1910)		line:xlsx:hash://md5/e315af50025009fd3c2bf192ded23f5f!/Sheet1!/L369
Sturnidoecus sturni	Ornithomya avicularia	European starling 	Sturnus vulgaris	European starling (Sturnus vulgaris)	Sweden	NIL	Mjoberg (1910)		line:xlsx:hash://md5/e315af50025009fd3c2bf192ded23f5f!/Sheet1!/L369
Ardeicola botauri	Icosta americana	Western great egret 	Ardea alba egretta	Western great egret (Ardea alba egretta)	USA	Hartstown, Pennsylvania	Peters (1935)		line:xlsx:hash://md5/e315af50025009fd3c2bf192ded23f5f!/Sheet1!/L373
Lipeurus crassus	NIL	Australian brush-turkey 	Alectura lathami	Australian brush-turkey (Alectura lathami)	Australia	Queensland	Proctor & Jones (2004)		line:xlsx:hash://md5/e315af50025009fd3c2bf192ded23f5f!/Sheet1!/L375
NIL	Ornithomya fringillina*	European starling 	Sturnus vulgaris	European starling (Sturnus vulgaris)	UK	Shetland Isle	Rothschild & Clay (1952)		line:xlsx:hash://md5/e315af50025009fd3c2bf192ded23f5f!/Sheet1!/L379
Brueelia-complex sp.	Ornithomya roubaudi	NIL	NIL	NIL	French congo	Stanley Pool, edge of Congo river	Seguy (1938)		line:xlsx:hash://md5/e315af50025009fd3c2bf192ded23f5f!/Sheet1!/L381
NIL	Ornithomya avicularia	NIL	NIL	NIL	UK	Dartford Kent	Sharp (1890)	Clay & Meinertzhagen (1943)	line:xlsx:hash://md5/e315af50025009fd3c2bf192ded23f5f!/Sheet1!/L383
Brueelia deficiens	Ornithomya fringillina*	Steller's jay 	Cyanocitta stelleri	Steller's jay (Cyanocitta stelleri)	Canada	Tofino, Clayoquot sound, Vancouver Island, BC	Spencer (1928)	Clay & Meinertzhagen (1943)	line:xlsx:hash://md5/e315af50025009fd3c2bf192ded23f5f!/Sheet1!/L385
Guimaraesiella marginata	Ornithomya avicularia	NIL	NIL	NIL	UK	Surrey, Woking	Thompson (1933)		line:xlsx:hash://md5/e315af50025009fd3c2bf192ded23f5f!/Sheet1!/L391
Guimaraesiella marginata	Ornithomya avicularia	Song thrush 	Turdus philomelos	Song thrush (Turdus philomelos)	UK	Vicarage Garde, Hertfordshire	Thompson (1933)		line:xlsx:hash://md5/e315af50025009fd3c2bf192ded23f5f!/Sheet1!/L391
Sturnidoecus sturni	Ornithomya fringillina*	European starling 	Sturnus vulgaris	European starling (Sturnus vulgaris)	Scotland	Shetlands	Thompson (1934)		line:xlsx:hash://md5/e315af50025009fd3c2bf192ded23f5f!/Sheet1!/L393
Guimaraesiella marginata	Ornithomya avicularia	NIL	NIL	NIL	UK	Skirwith, Cumberland	Thompson (1934)		line:xlsx:hash://md5/e315af50025009fd3c2bf192ded23f5f!/Sheet1!/L393
Philopterus sp.	Lynchia sp.	Southern red bishop 	Euplectes orix sundevalli	Southern red bishop (Euplectes orix sundevalli)	Democratic Republic of Congo	Kamaniola	Thompson (1935)		line:xlsx:hash://md5/e315af50025009fd3c2bf192ded23f5f!/Sheet1!/L395
Guimaraesiella marginata	Ornithomya fringillina*	Fieldfare 	Turdus pilaris	Fieldfare (Turdus pilaris)	Sweden	Karlshamn	Thompson (1935)		line:xlsx:hash://md5/e315af50025009fd3c2bf192ded23f5f!/Sheet1!/L395
Brueelia-complex sp.	Ornithophila metallica	Flycatcher	NIL	Flycatcher	Australia	Dinner Creek, Queensland	Thompson (1936)		line:xlsx:hash://md5/e315af50025009fd3c2bf192ded23f5f!/Sheet1!/L397
Ardeicola botauri	Icosta ardae botaurinorum	NIL	NIL	NIL	Mexico	Orizaba	Thompson (1936)		line:xlsx:hash://md5/e315af50025009fd3c2bf192ded23f5f!/Sheet1!/L397
Brueelia marginata	Ornithomya fringillina*	Blackbird 	Turdus merula	Blackbird (Turdus merula)	UK	Scotland, Dumbarton	Thompson (1936)		line:xlsx:hash://md5/e315af50025009fd3c2bf192ded23f5f!/Sheet1!/L397
Sturnidoecus simplex	Ornithomya fringillina*	American robin 	Turdus migratorius	American robin (Turdus migratorius)	USA	Elmhurst, New York	Thompson (1936)		line:xlsx:hash://md5/e315af50025009fd3c2bf192ded23f5f!/Sheet1!/L397
Brueelia sp.	Ornithomya fringillina*	Song sparrow 	Melospiza melodia	Song sparrow (Melospiza melodia)	USA	Martha's Vineyard, Massachusetts	Thompson (1936)		line:xlsx:hash://md5/e315af50025009fd3c2bf192ded23f5f!/Sheet1!/L397
Brueelia sp.	Ornithomya fringillina*	Swainson's thrush 	Catharus ustulatus	Swainson's thrush (Catharus ustulatus)	USA	Spruce Brook, Newfoundland	Thompson (1937)		line:xlsx:hash://md5/e315af50025009fd3c2bf192ded23f5f!/Sheet1!/L399
Guimaraesiella interposita	Ornithomya fringillina*	Swainson's thrush 	Catharus ustulatus	Swainson's thrush (Catharus ustulatus)	Canada	Vancouver, BC	Thompson (1937)	Spencer (1938)	line:xlsx:hash://md5/e315af50025009fd3c2bf192ded23f5f!/Sheet1!/L399
Sturnidoecus sturni	Ornithomya avicularia	European starling 	Sturnus vulgaris	European starling (Sturnus vulgaris)	UK	Hartley, Longfield, Kent	Thompson (1947)		line:xlsx:hash://md5/e315af50025009fd3c2bf192ded23f5f!/Sheet1!/L401
Brueelia-complex sp.	Ornithomya avicularia	Song thrush 	Turdus philomelos	Song thrush (Turdus philomelos)	UK	Hertley, Longfield, Kent	Thompson (1947)		line:xlsx:hash://md5/e315af50025009fd3c2bf192ded23f5f!/Sheet1!/L401
Brueelia-complex sp.	Ornithomya avicularia	Song thrush 	Turdus philomelos	Song thrush (Turdus philomelos)	UK	Hertley, Longfield, Kent	Thompson (1947)		line:xlsx:hash://md5/e315af50025009fd3c2bf192ded23f5f!/Sheet1!/L401
Brueelia-complex sp.	Ornithomya avicularia	Blackbird 	Turdus merula	Blackbird (Turdus merula)	UK	Hertley, Longfield, Kent	Thompson (1947)		line:xlsx:hash://md5/e315af50025009fd3c2bf192ded23f5f!/Sheet1!/L401
Brueelia-complex sp.	Ornithomya fringillina*	Common whitethroat 	Sylvia communis	Common whitethroat (Sylvia communis)	UK	Hertley, Longfield, Kent	Thompson (1947)		line:xlsx:hash://md5/e315af50025009fd3c2bf192ded23f5f!/Sheet1!/L401
Brueelia-complex sp.	Ornithomya avicularia	Blackbird 	Turdus merula	Blackbird (Turdus merula)	UK	Hertley, Longfield, Kent	Thompson (1947)		line:xlsx:hash://md5/e315af50025009fd3c2bf192ded23f5f!/Sheet1!/L401
Brueelia-complex sp.	Ornithomya avicularia	European starling 	Sturnus vulgaris	European starling (Sturnus vulgaris)	UK	Hertley, Longfield, Kent	Thompson (1947)		line:xlsx:hash://md5/e315af50025009fd3c2bf192ded23f5f!/Sheet1!/L401
Brueelia-complex sp.	Ornithomya avicularia	Blackbird 	Turdus merula	Blackbird (Turdus merula)	UK	Hertley, Longfield, Kent	Thompson (1947)		line:xlsx:hash://md5/e315af50025009fd3c2bf192ded23f5f!/Sheet1!/L401
Brueelia-complex sp.	Ornithomya avicularia	Song thrush 	Turdus philomelos	Song thrush (Turdus philomelos)	UK	Turton, Wilmslow, Cheshire	Thompson (1947)		line:xlsx:hash://md5/e315af50025009fd3c2bf192ded23f5f!/Sheet1!/L401
Bruelia sp.	Ornithomya avicularia	Eurasian sparrowhawk 	Accipiter nisus	Eurasian sparrowhawk (Accipiter nisus)	UK	Llanbwchllyn, Radnorshire	Thompson (1947)		line:xlsx:hash://md5/e315af50025009fd3c2bf192ded23f5f!/Sheet1!/L401
Guimaraesiella amsel	Ornithomya avicularia	NIL	NIL	NIL	Germany	NIL	Walter (1989)		line:xlsx:hash://md5/e315af50025009fd3c2bf192ded23f5f!/Sheet1!/L407
Turdinirmus merulensis	Ornithomya avicularia	NIL	NIL	NIL	Germany	NIL	Walter (1989)		line:xlsx:hash://md5/e315af50025009fd3c2bf192ded23f5f!/Sheet1!/L407
Guimaraesiella turdinulae	Ornithomya avicularia	NIL	NIL	NIL	Germany	NIL	Walter (1989)		line:xlsx:hash://md5/e315af50025009fd3c2bf192ded23f5f!/Sheet1!/L407
Philopterus sp.	Ornithomya avicularia	Blackbird 	Turdus merula	Blackbird (Turdus merula)	Germany	Near Berlin	Wanach (1910)	Clay & Meinertzhagen (1943)	line:xlsx:hash://md5/e315af50025009fd3c2bf192ded23f5f!/Sheet1!/L409
Guimaraesiella marginata	Ornithomya avicularia	NIL	NIL	NIL	UK	Cambridge 	Warburton (1928)	Clay & Meinertzhagen (1943)	line:xlsx:hash://md5/e315af50025009fd3c2bf192ded23f5f!/Sheet1!/L411
Columbicola columbae	Pseudolynchia canariensis	Rock pigeon 	Columba livia	Rock pigeon (Columba livia)	USA	Zoology building, University of Chicago	Ward (1953)		line:xlsx:hash://md5/e315af50025009fd3c2bf192ded23f5f!/Sheet1!/L413
Guimaraesiella zeropunctata	Ornithomya fringillina*	Swainson's thrush 	Catharus ustulatus	Swainson's thrush (Catharus ustulatus)	USA	Wayne County, Centerville	Wilson (1964)		line:xlsx:hash://md5/e315af50025009fd3c2bf192ded23f5f!/Sheet1!/L415
NIL	Ornithoica momiyamai	Japanese thrush 	Turdus cardis	Japanese thrush (Turdus cardis)	Japan	Haigamine daitsuiyama, Hiroshima	Yamauchi (2010)		line:xlsx:hash://md5/e315af50025009fd3c2bf192ded23f5f!/Sheet1!/L417
Sturnidoecus sturni	Ornithomya fringillina*	Merlin 	Falco columbarius	Merlin (Falco columbarius)	UK	Fair Isle, Shetland	Corbet (1956)		line:xlsx:hash://md5/e315af50025009fd3c2bf192ded23f5f!/Sheet1!/L307
Sturnidoecus sturni	Ornithomya fringillina*	Wheatear 	Oenanthe oenanthe	Wheatear (Oenanthe oenanthe)	UK	Fair Isle, Shetland	Corbet (1956)		line:xlsx:hash://md5/e315af50025009fd3c2bf192ded23f5f!/Sheet1!/L307
NIL	Ornithomya fringillina*	Rock pipit 	Anthus spinoletta	Rock pipit (Anthus spinoletta)	UK	Fair Isle, Shetland	Corbet (1956)		line:xlsx:hash://md5/e315af50025009fd3c2bf192ded23f5f!/Sheet1!/L307
NIL	Ornithomya fringillina*	Meadow pipit 	Anthus pratensis	Meadow pipit (Anthus pratensis)	UK	Fair Isle, Shetland	Corbet (1956)		line:xlsx:hash://md5/e315af50025009fd3c2bf192ded23f5f!/Sheet1!/L307
NIL	Ornithomya fringillina*	Eurasian wren 	Troglodytes troglodytes	Eurasian wren (Troglodytes troglodytes)	UK	Fair Isle, Shetland	Corbet (1956)		line:xlsx:hash://md5/e315af50025009fd3c2bf192ded23f5f!/Sheet1!/L307
Columbicola columbae	Pseudolynchia canariensis	Rock pigeon 	Columba livia	Rock pigeon (Columba livia)	Egypt	Greater Cairo	Adly et al. (2020)		
Guimaraesiella amsel	Ornithoica turdi	Blackbird 	Turdus merula	Blackbird (Turdus merula)	Portugal	São Miguel island, Azores Archipelago	Oslejskova et al. (2020)		line:xlsx:hash://md5/e315af50025009fd3c2bf192ded23f5f!/Sheet1!/L371
Columbicola columbae	Pseudolynchia canariensis	Rock pigeon 	Columba livia	Rock pigeon (Columba livia)	Russia	Moscow	Matyukhin et al. (2016)		line:xlsx:hash://md5/e315af50025009fd3c2bf192ded23f5f!/Sheet1!/L367
Columbicola columbae	Pseudolynchia canariensis	Rock pigeon 	Columba livia	Rock pigeon (Columba livia)	Russia	Moscow	Matyukhin et al. (2016)		line:xlsx:hash://md5/e315af50025009fd3c2bf192ded23f5f!/Sheet1!/L367
Columbicola columbae	Pseudolynchia canariensis	Rock pigeon 	Columba livia	Rock pigeon (Columba livia)	Russia	Moscow	Matyukhin et al. (2016)		line:xlsx:hash://md5/e315af50025009fd3c2bf192ded23f5f!/Sheet1!/L367
Columbicola columbae	Pseudolynchia canariensis	Rock pigeon 	Columba livia	Rock pigeon (Columba livia)	Russia	Moscow	Matyukhin et al. (2016)		line:xlsx:hash://md5/e315af50025009fd3c2bf192ded23f5f!/Sheet1!/L367
Columbicola columbae	Pseudolynchia canariensis	Rock pigeon 	Columba livia	Rock pigeon (Columba livia)	Russia	Moscow	Matyukhin et al. (2016)		line:xlsx:hash://md5/e315af50025009fd3c2bf192ded23f5f!/Sheet1!/L367
Columbicola columbae	Pseudolynchia canariensis	Rock pigeon 	Columba livia	Rock pigeon (Columba livia)	Russia	Tula Region	Matyukhin et al. (2016)		line:xlsx:hash://md5/e315af50025009fd3c2bf192ded23f5f!/Sheet1!/L367
Columbicola columbae	Pseudolynchia canariensis	Rock pigeon 	Columba livia	Rock pigeon (Columba livia)	Russia	Rostov	Matyukhin et al. (2016)		line:xlsx:hash://md5/e315af50025009fd3c2bf192ded23f5f!/Sheet1!/L367
Ricinus rubeculae 	Ornithomya fringillina	European Robin 	Erithacus rubecula	European Robin (Erithacus rubecula)	Russia	Karelia	Matyukhin et al. (2016)		line:xlsx:hash://md5/e315af50025009fd3c2bf192ded23f5f!/Sheet1!/L367
NIL 	Ornithomya avicularia	Rook 	Corvus frugilegus	Rook (Corvus frugilegus)	Russia	Rostov	Matyukhin et al. (2016)		line:xlsx:hash://md5/e315af50025009fd3c2bf192ded23f5f!/Sheet1!/L367
NIL	Ornithomya avicularia	Common cuckoo 	Cuculus canorus	Common cuckoo (Cuculus canorus)	Russia	Kurshskaya Kosa	Matyukhin et al. (2016)		line:xlsx:hash://md5/e315af50025009fd3c2bf192ded23f5f!/Sheet1!/L367
NIL 	Ornithomya chloropus	Bluethroat 	Luscinia svecica	Bluethroat (Luscinia svecica)	Russia	Karelia	Matyukhin et al. (2016)		line:xlsx:hash://md5/e315af50025009fd3c2bf192ded23f5f!/Sheet1!/L367
NIL	Ornithoica turdi	Thrush Nightingale 	Luscinia luscinia	Thrush Nightingale (Luscinia luscinia)	Moldova	PMR-Moldova (ПМР- Молдова)	Matyukhin et al. (2016)		line:xlsx:hash://md5/e315af50025009fd3c2bf192ded23f5f!/Sheet1!/L367
Guimaraesiella amsel	Ornithomya fringillina*	Blackbird 	Turdus merula	Blackbird (Turdus merula)	Portugal	São Miguel Island / Terceira Island / Flores Island / Silves / Olhão	Tomás et al. (2021)		line:xlsx:hash://md5/e315af50025009fd3c2bf192ded23f5f!/Sheet1!/L403
Guimaraesiella amsel	Ornithomya fringillina*	Blackbird 	Turdus merula	Blackbird (Turdus merula)	Portugal	São Miguel Island / Terceira Island / Flores Island / Silves / Olhão	Tomás et al. (2021)		line:xlsx:hash://md5/e315af50025009fd3c2bf192ded23f5f!/Sheet1!/L403
Guimaraesiella amsel	Ornithomya fringillina*	Blackbird 	Turdus merula	Blackbird (Turdus merula)	Portugal	São Miguel Island / Terceira Island / Flores Island / Silves / Olhão	Tomás et al. (2021)		line:xlsx:hash://md5/e315af50025009fd3c2bf192ded23f5f!/Sheet1!/L403
Guimaraesiella amsel	Ornithomya fringillina*	Blackbird 	Turdus merula	Blackbird (Turdus merula)	Portugal	São Miguel Island / Terceira Island / Flores Island / Silves / Olhão	Tomás et al. (2021)		line:xlsx:hash://md5/e315af50025009fd3c2bf192ded23f5f!/Sheet1!/L403
Brueelia callaeincola	Ornithoica sp.	North Island saddleback 	Philesturnus rufusater	North Island saddleback (Philesturnus rufusater)	New Zealand	Tiritiri Matangi Island, Hauraki Gulf	Valim & Palma (2015)		line:xlsx:hash://md5/e315af50025009fd3c2bf192ded23f5f!/Sheet1!/L405
Sturnidoecus sp.	Icosta minor	Brown-crowned tchagra 	Tchagra australis	Brown-crowned tchagra (Tchagra australis)	South Africa	Polokwane Game Reserve, Limpopo Province	Sychra et al. (2020)		line:xlsx:hash://md5/e315af50025009fd3c2bf192ded23f5f!/Sheet1!/L389
Sturnidoecus sturni	Ornithomya chloropus	Merlin 	Falco columbarius	Merlin (Falco columbarius)	UK	Fair Isle, Shetland	Hill et al. (1967)		line:xlsx:hash://md5/e315af50025009fd3c2bf192ded23f5f!/Sheet1!/L335
